,molecular_weight,logp,h_bond_donors,h_bond_acceptors,rotatable_bonds,polar_surface_area,compound_clogp,protein_length,protein_pi,hydrophobicity,binding_site_size,mw_ratio,logp_pi_interaction
288,478.0991867735033,2.6037347079625377,3,3,9,110.98521430713136,1.0055124999555636,1369,5.451996735422746,0.5414392994245993,16.47270392735122,0.3492324227710031,14.195553127718652
324,349.3982618500298,3.4916059717564303,3,5,8,76.37901276174696,3.4333780911115324,1027,5.589821820779316,0.5862068252991115,16.924776808792434,0.3402125237098635,19.517455250487465
413,577.7676821898509,2.1237457684786047,1,3,7,105.6358732818648,0.6848701428169051,277,7.292757347631793,0.7741068372044642,12.208463800477515,2.0858039068225667,15.487962557574273
425,586.8631557532349,4.271382134026752,1,7,10,126.15342504571608,0.8910748052350401,953,5.968819164741445,0.7524455347043958,15.635623921363289,0.6158060396151468,25.495107541513093
458,179.00112542336603,9.093520318182575,2,3,4,76.97130843056217,0.833362333789796,1160,6.031312263699872,0.5904336298327462,13.407222908522726,0.3402026460907602,25.63022832358701
579,564.375404320693,6.1379307262927,5,4,4,13.18792240869756,4.795320934237423,706,6.955126088532763,0.7000479766329186,7.9020565568039824,0.7993985896893668,42.690082124045205
1331,571.8761851697317,1.1814053199639003,2,6,4,56.777410964676605,2.5071023655216544,215,6.357996386094415,0.6435279412756109,18.38155522603056,2.6598892333475894,7.511370754843195
1912,513.8051101440757,5.014207682893954,1,7,4,96.5890915380919,2.028442453665108,687,8.199370857850091,0.4987682792124207,17.365446708428298,0.7478968124367914,41.11334835032872
